{
  "xgboost": {
    "n_estimators": 150,
    "max_depth": 4,
    "learning_rate": 0.0709908453928725,
    "subsample": 0.8821849238792325,
    "colsample_bytree": 0.7384175671682119
  },
  "lightgbm": {
    "n_estimators": 150,
    "max_depth": 6,
    "learning_rate": 0.15312105166309714,
    "subsample": 0.8215177994361522,
    "colsample_bytree": 0.9142660257175269
  },
  "random_forest": {
    "n_estimators": 300,
    "max_depth": 9,
    "min_samples_leaf": 5
  },
  "ensemble_weights": [
    0.4264846615839992,
    0.47684577127664507,
    0.2560033707776203
  ],
  "threshold": 0.31519778650802466,
  "score": 0.9337722345650403,
  "recall": 0.9547250598807248,
  "fn_rate": 0.045274940119275166,
  "total_trials": 60,
  "total_time_s": 3094.3
}