{
  "items": {
    "total": 50,
    "hazmat": 0,
    "not_hazmat": 50,
    "hazmat_rate": 0.0
  },
  "routing": {
    "ml": 50,
    "llm": 0,
    "ml_pct": 100.0,
    "llm_pct": 0.0,
    "human_review": 0,
    "human_review_pct": 0.0
  },
  "latency_ms": {
    "total": {
      "p50": 108.31999778747559,
      "p90": 121.65944576263428,
      "p99": 32609.347944259527,
      "avg": 1380.5285215377808,
      "min": 69.90599632263184,
      "max": 61409.17205810547
    },
    "embedding": {
      "p50": 15.359044075012207,
      "p90": 15.67084789276123,
      "p99": 31276.00569963443,
      "avg": 1241.2098455429077,
      "min": 14.825105667114258,
      "max": 61309.8042011261
    },
    "ml_inference": {
      "p50": 92.96953678131104,
      "p90": 106.10263347625732,
      "p99": 1387.7540707588146,
      "avg": 139.31396961212158,
      "min": 54.87394332885742,
      "max": 2618.4709072113037
    },
    "llm_inference": {
      "p50": 0,
      "p90": 0,
      "p99": 0,
      "avg": 0,
      "min": 0,
      "max": 0
    }
  },
  "confidence": {
    "all": {
      "p50": 0.9874202251046698,
      "p90": 0.9874202251046698,
      "p99": 0.9874249180505732,
      "avg": 0.9872940033279768,
      "min": 0.9853386779451276,
      "max": 0.9874294269593824
    },
    "ml_only": {
      "p50": 0.9874202251046698,
      "p90": 0.9874202251046698,
      "p99": 0.9874249180505732,
      "avg": 0.9872940033279768,
      "min": 0.9853386779451276,
      "max": 0.9874294269593824
    },
    "llm_only": {
      "p50": 0,
      "p90": 0,
      "p99": 0,
      "avg": 0,
      "min": 0,
      "max": 0
    }
  },
  "cost": {
    "llm_input_tokens": 0,
    "llm_output_tokens": 0,
    "llm_total_tokens": 0,
    "estimated_cost_usd": 0.0
  }
}